<?xml version="1.0" encoding="UTF-8"?>
<project-private xmlns="http://www.netbeans.org/ns/project-private/1">
    <editor-bookmarks xmlns="http://www.netbeans.org/ns/editor-bookmarks/2" lastBookmarkId="0"/>
    <open-files xmlns="http://www.netbeans.org/ns/projectui-open-files/2">
        <group>
            <file>file:/C:/Users/beboa/Desktop/desktop/ALL%20files/Book%20Store%20master/eStore-Project-master/eStore-Project-master/src/MainWindow.java</file>
            <file>file:/C:/Users/beboa/Desktop/desktop/ALL%20files/Book%20Store%20master/eStore-Project-master/eStore-Project-master/src/AddNewBook.java</file>
            <file>file:/C:/Users/beboa/Desktop/desktop/ALL%20files/Book%20Store%20master/eStore-Project-master/eStore-Project-master/src/ReaderWindow.java</file>
        </group>
    </open-files>
</project-private>
